<?xml version="1.0" encoding="UTF-8"?>
<JOB>
  <code_Perl>#!/usr/bin/perl

use v5.14;


my $value= system("python -V");

if( $value eq 0)
{
	exit(3);
}
else
{
	exit(0);
}</code_Perl>
  <code_exec>#!/usr/bin/env python
# -*- coding: utf-8 -*-
import copy
from StringIO import StringIO

result = 0

global resolution

def resolution(taille, eta):
    etat = eta.split()
    global result
    if len(etat) == taille :
        result+=1
        print(etat)
    else :
        for i in range(0,taille) :
            liste = []
            for j in range(0,taille) :
                liste.append(True)
            where = 0
            for j in etat :
                j = int(j)
                liste[j]=False
                if (j+len(etat)-where) &lt; taille and j+(len(etat)-where) &gt;= 0:
                    liste[j+(len(etat)-where)] = False
                if (j-len(etat)-where) &lt; taille and j-(len(etat)-where) &gt;= 0:
                    liste[j-(len(etat)-where)] = False
                where+=1
            if liste[i]:
                resolution(taille, eta+" "+str(i))
    mon_fichier = open("resultat.txt", "w") # Argh j'ai tout écrasé !
    mon_fichier.write(str(result))
    mon_fichier.close()


resolution(12, "")</code_exec>
  <cmd>python @nQueen12.py</cmd>
  <rang>1</rang>
  <nom_fic>nQueen12.py</nom_fic>
  <build>#!/usr/bin/perl
#---------------------#
#  PROGRAM:  argv.pl  #
#---------------------#

$numArgs = $#ARGV + 1;
print "thanks, you gave me $numArgs command-line arguments:\n";
my $sum;
foreach $argnum (0 .. $#ARGV) {
  $sum=$sum+ $ARGV[$argnum];
}
print $sum;

# Création du fichier '.txt'
open (FICHIER, "&gt;resultatF.txt") || die ("Vous ne pouvez pas créer le fichier \"resultatF.txt\"");
# On écrit dans le fichier...
print FICHIER  $sum ;

exit 0;</build>
</JOB>
